Beg_Yr_Date,BENE_STATE_ABRVTN,BENE_STATE_DESC,BENE_FIPS_CD,TOT_BENES,ORGNL_MDCR_BENES,MA_AND_OTH_BENES
1/1/2013,AK,Alaska,2,76224,75676,549
1/1/2014,AK,Alaska,2,79822,79198,623
1/1/2015,AK,Alaska,2,83721,83018,702
1/1/2016,AK,Alaska,2,87878,87151,727
1/1/2017,AK,Alaska,2,91879,90549,1330
1/1/2018,AK,Alaska,2,96213,94698,1514
1/1/2019,AK,Alaska,2,100297,98629,1668
1/1/2020,AK,Alaska,2,104465,102635,1830
1/1/2021,AK,Alaska,2,108116,105831,2286
1/1/2022,AK,Alaska,2,111299,108668,2631
1/1/2013,AL,Alabama,1,921477,711448,210029
1/1/2014,AL,Alabama,1,946176,719687,226488
1/1/2015,AL,Alabama,1,967732,723519,244213
1/1/2016,AL,Alabama,1,988043,726139,261904
1/1/2017,AL,Alabama,1,1007423,640531,366892
1/1/2018,AL,Alabama,1,1027493,624503,402990
1/1/2019,AL,Alabama,1,1046588,605614,440974
1/1/2020,AL,Alabama,1,1062565,576690,485875
1/1/2021,AL,Alabama,1,1070474,528983,541491
1/1/2022,AL,Alabama,1,1084133,495877,588256
1/1/2013,AR,Arkansas,5,572713,467399,105315
1/1/2014,AR,Arkansas,5,585212,472498,112714
1/1/2015,AR,Arkansas,5,595571,476333,119237
1/1/2016,AR,Arkansas,5,606142,480306,125836
1/1/2017,AR,Arkansas,5,616231,480223,136008
1/1/2018,AR,Arkansas,5,627641,476217,151424
1/1/2019,AR,Arkansas,5,637556,468473,169083
1/1/2020,AR,Arkansas,5,646920,453946,192975
1/1/2021,AR,Arkansas,5,653277,430724,222553
1/1/2022,AR,Arkansas,5,660594,413317,247278
1/1/2013,AS,American Samoa,60,3798,3683,115
1/1/2014,AS,American Samoa,60,3906,3787,119
1/1/2015,AS,American Samoa,60,3915,3783,132
1/1/2016,AS,American Samoa,60,3950,3810,140
1/1/2017,AS,American Samoa,60,3989,3842,147
1/1/2018,AS,American Samoa,60,4028,3823,205
1/1/2019,AS,American Samoa,60,4569,4354,216
1/1/2020,AS,American Samoa,60,4716,4446,269
1/1/2021,AS,American Samoa,60,4770,4465,305
1/1/2022,AS,American Samoa,60,4855,4450,405
1/1/2013,AZ,Arizona,4,1050128,658948,391180
1/1/2014,AZ,Arizona,4,1094226,683611,410615
1/1/2015,AZ,Arizona,4,1137989,704362,433627
1/1/2016,AZ,Arizona,4,1180422,730023,450399
1/1/2017,AZ,Arizona,4,1226671,753929,472743
1/1/2018,AZ,Arizona,4,1271312,775111,496201
1/1/2019,AZ,Arizona,4,1325833,789199,536634
1/1/2020,AZ,Arizona,4,1370074,788009,582065
1/1/2021,AZ,Arizona,4,1400160,767513,632647
1/1/2022,AZ,Arizona,4,1428991,752362,676628
1/1/2013,CA,California,6,5300177,3318396,1981781
1/1/2014,CA,California,6,5481592,3346928,2134664
1/1/2015,CA,California,6,5653896,3370508,2283388
1/1/2016,CA,California,6,5814275,3420954,2393321
1/1/2017,CA,California,6,5965489,3473379,2492111
1/1/2018,CA,California,6,6124095,3511605,2612490
1/1/2019,CA,California,6,6277166,3528546,2748620
1/1/2020,CA,California,6,6411106,3503899,2907207
1/1/2021,CA,California,6,6499203,3436742,3062462
1/1/2022,CA,California,6,6623145,3414846,3208299
1/1/2013,CO,Colorado,8,721035,468492,252542
1/1/2014,CO,Colorado,8,754051,481926,272125
1/1/2015,CO,Colorado,8,785368,496162,289206
1/1/2016,CO,Colorado,8,815871,515310,300561
1/1/2017,CO,Colorado,8,847702,530148,317554
1/1/2018,CO,Colorado,8,881044,548114,332929
1/1/2019,CO,Colorado,8,911545,530678,380867
1/1/2020,CO,Colorado,8,938949,527895,411054
1/1/2021,CO,Colorado,8,961593,518796,442796
1/1/2022,CO,Colorado,8,983441,505999,477442
1/1/2013,CT,Connecticut,9,608512,467291,141221
1/1/2014,CT,Connecticut,9,620106,470696,149411
1/1/2015,CT,Connecticut,9,630565,469842,160723
1/1/2016,CT,Connecticut,9,641887,472113,169775
1/1/2017,CT,Connecticut,9,654718,469847,184871
1/1/2018,CT,Connecticut,9,667724,421231,246493
1/1/2019,CT,Connecticut,9,680357,398772,281585
1/1/2020,CT,Connecticut,9,692023,382148,309875
1/1/2021,CT,Connecticut,9,702439,363399,339040
1/1/2022,CT,Connecticut,9,717070,347951,369119
1/1/2013,DC,District of Columbia,11,83964,74946,9018
1/1/2014,DC,District of Columbia,11,86041,75867,10174
1/1/2015,DC,District of Columbia,11,87919,76438,11481
1/1/2016,DC,District of Columbia,11,89549,76694,12855
1/1/2017,DC,District of Columbia,11,91051,76569,14481
1/1/2018,DC,District of Columbia,11,92528,76020,16508
1/1/2019,DC,District of Columbia,11,94058,75614,18444
1/1/2020,DC,District of Columbia,11,94126,73305,20822
1/1/2021,DC,District of Columbia,11,94055,70224,23831
1/1/2022,DC,District of Columbia,11,94563,68009,26554
1/1/2013,DE,Delaware,10,167686,155803,11883
1/1/2014,DE,Delaware,10,174300,160728,13572
1/1/2015,DE,Delaware,10,180458,165614,14843
1/1/2016,DE,Delaware,10,186822,169186,17636
1/1/2017,DE,Delaware,10,193585,171150,22435
1/1/2018,DE,Delaware,10,201092,173181,27911
1/1/2019,DE,Delaware,10,208278,174473,33805
1/1/2020,DE,Delaware,10,215724,174831,40893
1/1/2021,DE,Delaware,10,222814,171134,51680
1/1/2022,DE,Delaware,10,229824,167835,61990
1/1/2013,FL,Florida,12,3753454,2402926,1350528
1/1/2014,FL,Florida,12,3893142,2419782,1473361
1/1/2015,FL,Florida,12,4033000,2429287,1603713
1/1/2016,FL,Florida,12,4163699,2466777,1696922
1/1/2017,FL,Florida,12,4295216,2468028,1827188
1/1/2018,FL,Florida,12,4412700,2459571,1953129
1/1/2019,FL,Florida,12,4556611,2455795,2100816
1/1/2020,FL,Florida,12,4680137,2411875,2268263
1/1/2021,FL,Florida,12,4803848,2359900,2443948
1/1/2022,FL,Florida,12,4918360,2318581,2599779
1/1/2013,FO,Foreign and Other Outlying Areas,     ,393493,391830,1663
1/1/2014,FO,Foreign and Other Outlying Areas,     ,406407,404370,2037
1/1/2015,FO,Foreign and Other Outlying Areas,     ,419866,417525,2341
1/1/2016,FO,Foreign and Other Outlying Areas,     ,432833,430328,2505
1/1/2017,FO,Foreign and Other Outlying Areas,     ,447208,444341,2867
1/1/2018,FO,Foreign and Other Outlying Areas,     ,462771,459330,3441
1/1/2019,FO,Foreign and Other Outlying Areas,     ,476955,473445,3510
1/1/2020,FO,Foreign and Other Outlying Areas,     ,492312,488060,4252
1/1/2021,FO,Foreign and Other Outlying Areas,     ,500965,496487,4478
1/1/2022,FO,Foreign and Other Outlying Areas,     ,509117,504006,5111
1/1/2013,GA,Georgia,13,1412936,1039767,373169
1/1/2014,GA,Georgia,13,1470380,1046071,424309
1/1/2015,GA,Georgia,13,1523200,1044530,478670
1/1/2016,GA,Georgia,13,1573277,1049087,524190
1/1/2017,GA,Georgia,13,1624056,1051459,572597
1/1/2018,GA,Georgia,13,1676019,1046723,629297
1/1/2019,GA,Georgia,13,1727412,1040090,687322
1/1/2020,GA,Georgia,13,1773148,1012084,761064
1/1/2021,GA,Georgia,13,1808944,953980,854964
1/1/2022,GA,Georgia,13,1850419,918689,931730
1/1/2013,GU,Guam,66,13624,13577,47
1/1/2014,GU,Guam,66,14192,14129,63
1/1/2015,GU,Guam,66,14870,14818,52
1/1/2016,GU,Guam,66,15471,15410,61
1/1/2017,GU,Guam,66,16183,16108,75
1/1/2018,GU,Guam,66,16794,16696,98
1/1/2019,GU,Guam,66,17352,17259,93
1/1/2020,GU,Guam,66,17803,17702,100
1/1/2021,GU,Guam,66,18212,18082,129
1/1/2022,GU,Guam,66,18697,18525,171
1/1/2013,HI,Hawaii,15,229717,124439,105278
1/1/2014,HI,Hawaii,15,237474,127757,109717
1/1/2015,HI,Hawaii,15,244897,133067,111830
1/1/2016,HI,Hawaii,15,251978,137629,114349
1/1/2017,HI,Hawaii,15,259408,142266,117142
1/1/2018,HI,Hawaii,15,266940,145473,121467
1/1/2019,HI,Hawaii,15,274091,148146,125945
1/1/2020,HI,Hawaii,15,281164,148116,133047
1/1/2021,HI,Hawaii,15,288450,145637,142813
1/1/2022,HI,Hawaii,15,294701,143304,151397
1/1/2013,IA,Iowa,19,549041,471338,77703
1/1/2014,IA,Iowa,19,560773,480299,80474
1/1/2015,IA,Iowa,19,571674,486813,84861
1/1/2016,IA,Iowa,19,584906,482852,102054
1/1/2017,IA,Iowa,19,598167,490174,107992
1/1/2018,IA,Iowa,19,612391,490867,121524
1/1/2019,IA,Iowa,19,625217,483559,141658
1/1/2020,IA,Iowa,19,637388,477397,159991
1/1/2021,IA,Iowa,19,646874,465570,181303
1/1/2022,IA,Iowa,19,658483,451547,206936
1/1/2013,ID,Idaho,16,260086,181362,78724
1/1/2014,ID,Idaho,16,270682,185712,84970
1/1/2015,ID,Idaho,16,282039,190668,91371
1/1/2016,ID,Idaho,16,293980,200017,93962
1/1/2017,ID,Idaho,16,306390,210393,95997
1/1/2018,ID,Idaho,16,320219,216838,103381
1/1/2019,ID,Idaho,16,334445,220061,114384
1/1/2020,ID,Idaho,16,349171,219572,129599
1/1/2021,ID,Idaho,16,361623,215741,145883
1/1/2022,ID,Idaho,16,371459,209591,161868
1/1/2013,IL,Illinois,17,1984102,1762949,221153
1/1/2014,IL,Illinois,17,2027849,1675291,352558
1/1/2015,IL,Illinois,17,2066685,1631498,435187
1/1/2016,IL,Illinois,17,2108645,1645577,463068
1/1/2017,IL,Illinois,17,2149620,1632353,517267
1/1/2018,IL,Illinois,17,2193624,1635322,558302
1/1/2019,IL,Illinois,17,2233242,1623815,609427
1/1/2020,IL,Illinois,17,2265857,1582598,683259
1/1/2021,IL,Illinois,17,2287329,1507029,780299
1/1/2022,IL,Illinois,17,2319787,1439355,880432
1/1/2013,IN,Indiana,18,1094334,860772,233563
1/1/2014,IN,Indiana,18,1123880,871916,251964
1/1/2015,IN,Indiana,18,1150495,879049,271446
1/1/2016,IN,Indiana,18,1178106,887252,290854
1/1/2017,IN,Indiana,18,1204903,883826,321077
1/1/2018,IN,Indiana,18,1233673,870591,363081
1/1/2019,IN,Indiana,18,1260564,857098,403467
1/1/2020,IN,Indiana,18,1283965,823560,460405
1/1/2021,IN,Indiana,18,1301309,775334,525975
1/1/2022,IN,Indiana,18,1321920,743360,578560
1/1/2013,KS,Kansas,20,465899,406533,59366
1/1/2014,KS,Kansas,20,477242,413996,63247
1/1/2015,KS,Kansas,20,487230,421542,65688
1/1/2016,KS,Kansas,20,498471,426275,72196
1/1/2017,KS,Kansas,20,509925,429826,80099
1/1/2018,KS,Kansas,20,523149,434270,88879
1/1/2019,KS,Kansas,20,534927,434951,99975
1/1/2020,KS,Kansas,20,546423,429874,116549
1/1/2021,KS,Kansas,20,555807,414903,140904
1/1/2022,KS,Kansas,20,566148,403610,162538
1/1/2013,KY,Kentucky,21,826457,636238,190219
1/1/2014,KY,Kentucky,21,846071,639253,206818
1/1/2015,KY,Kentucky,21,862686,639227,223459
1/1/2016,KY,Kentucky,21,879560,639581,239979
1/1/2017,KY,Kentucky,21,895963,637614,258349
1/1/2018,KY,Kentucky,21,912477,631752,280725
1/1/2019,KY,Kentucky,21,928872,612687,316185
1/1/2020,KY,Kentucky,21,943242,578907,364335
1/1/2021,KY,Kentucky,21,952197,536961,415236
1/1/2022,KY,Kentucky,21,961273,499099,462174
1/1/2013,LA,Louisiana,22,747451,548638,198813
1/1/2014,LA,Louisiana,22,768515,549673,218842
1/1/2015,LA,Louisiana,22,788780,550225,238555
1/1/2016,LA,Louisiana,22,809714,554588,255126
1/1/2017,LA,Louisiana,22,828719,551527,277191
1/1/2018,LA,Louisiana,22,848975,547567,301408
1/1/2019,LA,Louisiana,22,869795,534480,335316
1/1/2020,LA,Louisiana,22,884245,512975,371271
1/1/2021,LA,Louisiana,22,893631,473575,420056
1/1/2022,LA,Louisiana,22,905879,448926,456953
1/1/2013,MA,Massachusetts,25,1158001,943576,214426
1/1/2014,MA,Massachusetts,25,1188827,949715,239112
1/1/2015,MA,Massachusetts,25,1216836,963737,253099
1/1/2016,MA,Massachusetts,25,1245919,981747,264172
1/1/2017,MA,Massachusetts,25,1275550,984994,290556
1/1/2018,MA,Massachusetts,25,1304654,993272,311382
1/1/2019,MA,Massachusetts,25,1331279,997248,334031
1/1/2020,MA,Massachusetts,25,1352786,989454,363333
1/1/2021,MA,Massachusetts,25,1374243,973092,401151
1/1/2022,MA,Massachusetts,25,1398455,959727,438727
1/1/2013,MD,Maryland,24,876407,800442,75965
1/1/2014,MD,Maryland,24,904913,825523,79390
1/1/2015,MD,Maryland,24,930548,850188,80360
1/1/2016,MD,Maryland,24,957992,864190,93802
1/1/2017,MD,Maryland,24,984017,872710,111306
1/1/2018,MD,Maryland,24,1011531,887969,123562
1/1/2019,MD,Maryland,24,1036953,909418,127535
1/1/2020,MD,Maryland,24,1058229,920102,138127
1/1/2021,MD,Maryland,24,1075070,898929,176141
1/1/2022,MD,Maryland,24,1096320,887611,208708
1/1/2013,ME,Maine,23,291099,238803,52296
1/1/2014,ME,Maine,23,299623,238627,60996
1/1/2015,ME,Maine,23,306642,236917,69725
1/1/2016,ME,Maine,23,314300,235681,78619
1/1/2017,ME,Maine,23,322151,231144,91006
1/1/2018,ME,Maine,23,331222,226452,104770
1/1/2019,ME,Maine,23,339400,217064,122336
1/1/2020,ME,Maine,23,347594,202663,144931
1/1/2021,ME,Maine,23,356229,187420,168810
1/1/2022,ME,Maine,23,363478,175262,188215
1/1/2013,MI,Michigan,26,1805997,1311409,494588
1/1/2014,MI,Michigan,26,1853206,1290036,563171
1/1/2015,MI,Michigan,26,1894914,1271982,622931
1/1/2016,MI,Michigan,26,1938308,1270636,667672
1/1/2017,MI,Michigan,26,1981476,1260713,720763
1/1/2018,MI,Michigan,26,2024434,1214457,809977
1/1/2019,MI,Michigan,26,2064901,1198786,866115
1/1/2020,MI,Michigan,26,2100420,1096687,1003733
1/1/2021,MI,Michigan,26,2130074,1024125,1105949
1/1/2022,MI,Michigan,26,2162350,960878,1201472
1/1/2013,MN,Minnesota,27,863414,435527,427887
1/1/2014,MN,Minnesota,27,888702,429173,459529
1/1/2015,MN,Minnesota,27,913586,422860,490726
1/1/2016,MN,Minnesota,27,940548,418501,522046
1/1/2017,MN,Minnesota,27,967270,412908,554362
1/1/2018,MN,Minnesota,27,996224,418248,577976
1/1/2019,MN,Minnesota,27,1021819,555372,466447
1/1/2020,MN,Minnesota,27,1046400,539965,506435
1/1/2021,MN,Minnesota,27,1068551,509904,558648
1/1/2022,MN,Minnesota,27,1092890,490875,602015
1/1/2013,MO,Missouri,29,1086505,817724,268781
1/1/2014,MO,Missouri,29,1112893,818859,294034
1/1/2015,MO,Missouri,29,1136070,815014,321056
1/1/2016,MO,Missouri,29,1160093,812974,347119
1/1/2017,MO,Missouri,29,1182965,804778,378188
1/1/2018,MO,Missouri,29,1204788,796103,408685
1/1/2019,MO,Missouri,29,1227462,771005,456457
1/1/2020,MO,Missouri,29,1248427,748330,500097
1/1/2021,MO,Missouri,29,1263819,707230,556589
1/1/2022,MO,Missouri,29,1283071,673319,609752
1/1/2013,MP,Northern Mariana Islands,69,1868,,
1/1/2014,MP,Northern Mariana Islands,69,1951,,
1/1/2015,MP,Northern Mariana Islands,69,2035,,
1/1/2016,MP,Northern Mariana Islands,69,2132,,
1/1/2017,MP,Northern Mariana Islands,69,2236,,
1/1/2018,MP,Northern Mariana Islands,69,2354,2342,13
1/1/2019,MP,Northern Mariana Islands,69,2492,,
1/1/2020,MP,Northern Mariana Islands,69,2659,2641,18
1/1/2021,MP,Northern Mariana Islands,69,2809,2788,21
1/1/2022,MP,Northern Mariana Islands,69,2953,2926,27
1/1/2013,MS,Mississippi,28,535139,467303,67836
1/1/2014,MS,Mississippi,28,547632,473966,73666
1/1/2015,MS,Mississippi,28,558680,477199,81481
1/1/2016,MS,Mississippi,28,569150,479783,89367
1/1/2017,MS,Mississippi,28,580012,481209,98804
1/1/2018,MS,Mississippi,28,590989,480072,110917
1/1/2019,MS,Mississippi,28,601628,479366,122262
1/1/2020,MS,Mississippi,28,609795,464521,145275
1/1/2021,MS,Mississippi,28,614598,431483,183116
1/1/2022,MS,Mississippi,28,621865,404693,217172
1/1/2013,MT,Montana,30,188265,158827,29438
1/1/2014,MT,Montana,30,194689,161275,33414
1/1/2015,MT,Montana,30,201229,164516,36713
1/1/2016,MT,Montana,30,208306,167088,41218
1/1/2017,MT,Montana,30,215492,170955,44537
1/1/2018,MT,Montana,30,223046,181766,41280
1/1/2019,MT,Montana,30,230309,185893,44417
1/1/2020,MT,Montana,30,237744,188972,48772
1/1/2021,MT,Montana,30,244107,188073,56034
1/1/2022,MT,Montana,30,249875,186418,63457
1/1/2013,NC,North Carolina,37,1661661,1320233,341428
1/1/2014,NC,North Carolina,37,1718289,1229407,488882
1/1/2015,NC,North Carolina,37,1770736,1244594,526142
1/1/2016,NC,North Carolina,37,1823035,1262678,560358
1/1/2017,NC,North Carolina,37,1877420,1275239,602181
1/1/2018,NC,North Carolina,37,1931885,1265149,666736
1/1/2019,NC,North Carolina,37,1985259,1246728,738532
1/1/2020,NC,North Carolina,37,2035577,1211374,824203
1/1/2021,NC,North Carolina,37,2077983,1148968,929015
1/1/2022,NC,North Carolina,37,2123690,1090302,1033389
1/1/2013,ND,North Dakota,38,113615,98123,15492
1/1/2014,ND,North Dakota,38,115897,98939,16958
1/1/2015,ND,North Dakota,38,118020,98458,19562
1/1/2016,ND,North Dakota,38,120873,97461,23412
1/1/2017,ND,North Dakota,38,124089,101502,22587
1/1/2018,ND,North Dakota,38,127675,104332,23343
1/1/2019,ND,North Dakota,38,131045,106842,24203
1/1/2020,ND,North Dakota,38,134332,107585,26747
1/1/2021,ND,North Dakota,38,137155,105943,31212
1/1/2022,ND,North Dakota,38,140596,102839,37758
1/1/2013,NE,Nebraska,31,298456,262274,36182
1/1/2014,NE,Nebraska,31,305743,269572,36171
1/1/2015,NE,Nebraska,31,313764,275990,37774
1/1/2016,NE,Nebraska,31,321951,281922,40029
1/1/2017,NE,Nebraska,31,329480,286449,43031
1/1/2018,NE,Nebraska,31,338009,288294,49715
1/1/2019,NE,Nebraska,31,346150,288127,58022
1/1/2020,NE,Nebraska,31,353778,282565,71213
1/1/2021,NE,Nebraska,31,360404,272226,88178
1/1/2022,NE,Nebraska,31,367825,262799,105026
1/1/2013,NH,New Hampshire,33,246613,232342,14270
1/1/2014,NH,New Hampshire,33,255895,238438,17456
1/1/2015,NH,New Hampshire,33,263661,244829,18832
1/1/2016,NH,New Hampshire,33,272375,249623,22752
1/1/2017,NH,New Hampshire,33,280990,250636,30354
1/1/2018,NH,New Hampshire,33,290178,251956,38222
1/1/2019,NH,New Hampshire,33,298735,243068,55666
1/1/2020,NH,New Hampshire,33,307567,240172,67394
1/1/2021,NH,New Hampshire,33,316557,234830,81726
1/1/2022,NH,New Hampshire,33,325502,229974,95528
1/1/2013,NJ,New Jersey,34,1433447,1203270,230177
1/1/2014,NJ,New Jersey,34,1465326,1240259,225067
1/1/2015,NJ,New Jersey,34,1493440,1264300,229140
1/1/2016,NJ,New Jersey,34,1523299,1269434,253865
1/1/2017,NJ,New Jersey,34,1553278,1214375,338903
1/1/2018,NJ,New Jersey,34,1584755,1214158,370596
1/1/2019,NJ,New Jersey,34,1615169,1133404,481764
1/1/2020,NJ,New Jersey,34,1637118,1109324,527793
1/1/2021,NJ,New Jersey,34,1656791,1075739,581052
1/1/2022,NJ,New Jersey,34,1686348,1060620,625728
1/1/2013,NM,New Mexico,35,348256,246405,101851
1/1/2014,NM,New Mexico,35,360370,249738,110632
1/1/2015,NM,New Mexico,35,372405,254822,117582
1/1/2016,NM,New Mexico,35,384392,260681,123711
1/1/2017,NM,New Mexico,35,396908,262927,133981
1/1/2018,NM,New Mexico,35,409851,267964,141887
1/1/2019,NM,New Mexico,35,421972,267855,154117
1/1/2020,NM,New Mexico,35,432470,262010,170460
1/1/2021,NM,New Mexico,35,439390,252475,186915
1/1/2022,NM,New Mexico,35,446705,241818,204886
1/1/2013,NV,Nevada,32,413472,284003,129469
1/1/2014,NV,Nevada,32,433516,294152,139365
1/1/2015,NV,Nevada,32,453501,303643,149857
1/1/2016,NV,Nevada,32,472085,311900,160186
1/1/2017,NV,Nevada,32,492325,319219,173106
1/1/2018,NV,Nevada,32,511711,326489,185222
1/1/2019,NV,Nevada,32,531564,331585,199979
1/1/2020,NV,Nevada,32,549393,329339,220054
1/1/2021,NV,Nevada,32,561939,316990,244949
1/1/2022,NV,Nevada,32,573095,306514,266582
1/1/2013,NY,New York,36,3213458,2125283,1088175
1/1/2014,NY,New York,36,3281801,2107158,1174644
1/1/2015,NY,New York,36,3344256,2111366,1232890
1/1/2016,NY,New York,36,3410034,2139045,1270989
1/1/2017,NY,New York,36,3482221,2126620,1355601
1/1/2018,NY,New York,36,3559173,2120188,1438985
1/1/2019,NY,New York,36,3629623,2118566,1511057
1/1/2020,NY,New York,36,3672562,2069578,1602984
1/1/2021,NY,New York,36,3705610,1996240,1709370
1/1/2022,NY,New York,36,3758071,1945376,1812695
1/1/2013,OH,Ohio,39,2057861,1290622,767239
1/1/2014,OH,Ohio,39,2109455,1298199,811256
1/1/2015,OH,Ohio,39,2154851,1271530,883321
1/1/2016,OH,Ohio,39,2202060,1378970,823090
1/1/2017,OH,Ohio,39,2249050,1372602,876448
1/1/2018,OH,Ohio,39,2295136,1341720,953416
1/1/2019,OH,Ohio,39,2340027,1323428,1016600
1/1/2020,OH,Ohio,39,2381221,1279364,1101857
1/1/2021,OH,Ohio,39,2407792,1227265,1180527
1/1/2022,OH,Ohio,39,2441378,1174777,1266601
1/1/2013,OK,Oklahoma,40,651558,545575,105982
1/1/2014,OK,Oklahoma,40,665717,556073,109644
1/1/2015,OK,Oklahoma,40,679385,564653,114732
1/1/2016,OK,Oklahoma,40,692871,572942,119929
1/1/2017,OK,Oklahoma,40,706317,578280,128037
1/1/2018,OK,Oklahoma,40,722454,582026,140428
1/1/2019,OK,Oklahoma,40,738850,577110,161740
1/1/2020,OK,Oklahoma,40,753478,563270,190209
1/1/2021,OK,Oklahoma,40,763654,528377,235276
1/1/2022,OK,Oklahoma,40,775729,506206,269523
1/1/2013,OR,Oregon,41,699232,405771,293461
1/1/2014,OR,Oregon,41,726937,413467,313470
1/1/2015,OR,Oregon,41,754993,424258,330736
1/1/2016,OR,Oregon,41,782260,436561,345699
1/1/2017,OR,Oregon,41,807584,447460,360124
1/1/2018,OR,Oregon,41,836937,459247,377690
1/1/2019,OR,Oregon,41,863650,470225,393425
1/1/2020,OR,Oregon,41,886188,468657,417531
1/1/2021,OR,Oregon,41,901861,459062,442799
1/1/2022,OR,Oregon,41,915437,445123,470315
1/1/2013,PA,Pennsylvania,42,2439177,1485479,953699
1/1/2014,PA,Pennsylvania,42,2490414,1506606,983808
1/1/2015,PA,Pennsylvania,42,2534048,1524198,1009850
1/1/2016,PA,Pennsylvania,42,2581572,1548833,1032738
1/1/2017,PA,Pennsylvania,42,2629753,1552535,1077218
1/1/2018,PA,Pennsylvania,42,2683395,1568247,1115149
1/1/2019,PA,Pennsylvania,42,2732824,1567873,1164951
1/1/2020,PA,Pennsylvania,42,2776113,1539899,1236214
1/1/2021,PA,Pennsylvania,42,2805431,1493883,1311548
1/1/2022,PA,Pennsylvania,42,2844616,1449988,1394628
1/1/2013,PR,Puerto Rico,72,711896,192429,519467
1/1/2014,PR,Puerto Rico,72,727752,187150,540602
1/1/2015,PR,Puerto Rico,72,738132,179917,558215
1/1/2016,PR,Puerto Rico,72,746274,178945,567328
1/1/2017,PR,Puerto Rico,72,734121,171923,562199
1/1/2018,PR,Puerto Rico,72,741280,168267,573014
1/1/2019,PR,Puerto Rico,72,749872,160876,588996
1/1/2020,PR,Puerto Rico,72,750388,149159,601230
1/1/2021,PR,Puerto Rico,72,754752,138182,616570
1/1/2022,PR,Puerto Rico,72,760552,128646,631906
1/1/2013,RI,Rhode Island,44,195617,127016,68602
1/1/2014,RI,Rhode Island,44,199653,128918,70736
1/1/2015,RI,Rhode Island,44,203238,131813,71425
1/1/2016,RI,Rhode Island,44,207345,132571,74774
1/1/2017,RI,Rhode Island,44,211664,120871,90792
1/1/2018,RI,Rhode Island,44,216308,120693,95614
1/1/2019,RI,Rhode Island,44,220546,120094,100452
1/1/2020,RI,Rhode Island,44,224732,117503,107229
1/1/2021,RI,Rhode Island,44,228146,111983,116163
1/1/2022,RI,Rhode Island,44,232449,106358,126091
1/1/2013,SC,South Carolina,45,873456,696727,176729
1/1/2014,SC,South Carolina,45,908037,707217,200820
1/1/2015,SC,South Carolina,45,941568,723509,218059
1/1/2016,SC,South Carolina,45,974034,737612,236421
1/1/2017,SC,South Carolina,45,1006419,745487,260932
1/1/2018,SC,South Carolina,45,1040376,753152,287223
1/1/2019,SC,South Carolina,45,1075124,752453,322671
1/1/2020,SC,South Carolina,45,1106010,737889,368121
1/1/2021,SC,South Carolina,45,1133973,712041,421932
1/1/2022,SC,South Carolina,45,1164720,692192,472528
1/1/2013,SD,South Dakota,46,147380,125866,21514
1/1/2014,SD,South Dakota,46,151817,126888,24930
1/1/2015,SD,South Dakota,46,156140,126890,29250
1/1/2016,SD,South Dakota,46,160698,126561,34137
1/1/2017,SD,South Dakota,46,165403,130682,34721
1/1/2018,SD,South Dakota,46,170943,135390,35553
1/1/2019,SD,South Dakota,46,175579,138162,37418
1/1/2020,SD,South Dakota,46,180220,138706,41514
1/1/2021,SD,South Dakota,46,184567,136475,48092
1/1/2022,SD,South Dakota,46,189165,132829,56336
1/1/2013,TN,Tennessee,47,1169616,818522,351093
1/1/2014,TN,Tennessee,47,1205210,816815,388394
1/1/2015,TN,Tennessee,47,1235738,812320,423418
1/1/2016,TN,Tennessee,47,1265781,816458,449322
1/1/2017,TN,Tennessee,47,1294909,820040,474869
1/1/2018,TN,Tennessee,47,1325043,817921,507122
1/1/2019,TN,Tennessee,47,1356706,812679,544027
1/1/2020,TN,Tennessee,47,1385253,796822,588431
1/1/2021,TN,Tennessee,47,1406240,766844,639395
1/1/2022,TN,Tennessee,47,1427697,740458,687239
1/1/2013,TX,Texas,48,3385888,2466558,919330
1/1/2014,TX,Texas,48,3513102,2488742,1024360
1/1/2015,TX,Texas,48,3634716,2487710,1147006
1/1/2016,TX,Texas,48,3757335,2512097,1245237
1/1/2017,TX,Texas,48,3883588,2522372,1361217
1/1/2018,TX,Texas,48,4018970,2481183,1537787
1/1/2019,TX,Texas,48,4158858,2493533,1665325
1/1/2020,TX,Texas,48,4286051,2456124,1829927
1/1/2021,TX,Texas,48,4386864,2347931,2038933
1/1/2022,TX,Texas,48,4506541,2293578,2212963
1/1/2013,UK,Unknown,99,,,
1/1/2014,UK,Unknown,99,,,
1/1/2015,UK,Unknown,99,,,
1/1/2016,UK,Unknown,99,,,
1/1/2017,UK,Unknown,99,,,
1/1/2018,UK,Unknown,99,,,
1/1/2019,UK,Unknown,99,,,
1/1/2020,UK,Unknown,99,,,
1/1/2021,UK,Unknown,99,,,
1/1/2022,UK,Unknown,99,,,
1/1/2013,UT,Utah,49,320136,214362,105775
1/1/2014,UT,Utah,49,332881,222303,110578
1/1/2015,UT,Utah,49,345900,229439,116461
1/1/2016,UT,Utah,49,358777,235447,123331
1/1/2017,UT,Utah,49,371924,240558,131366
1/1/2018,UT,Utah,49,386332,246370,139962
1/1/2019,UT,Utah,49,400958,250920,150038
1/1/2020,UT,Utah,49,414961,248849,166111
1/1/2021,UT,Utah,49,427555,242369,185187
1/1/2022,UT,Utah,49,439191,236037,203154
1/1/2013,VA,Virginia,51,1269554,1077450,192104
1/1/2014,VA,Virginia,51,1311297,1094819,216478
1/1/2015,VA,Virginia,51,1350262,1108290,241972
1/1/2016,VA,Virginia,51,1389142,1133636,255506
1/1/2017,VA,Virginia,51,1427679,1149629,278050
1/1/2018,VA,Virginia,51,1469980,1176496,293484
1/1/2019,VA,Virginia,51,1509513,1176619,332894
1/1/2020,VA,Virginia,51,1545578,1157274,388305
1/1/2021,VA,Virginia,51,1575524,1112731,462792
1/1/2022,VA,Virginia,51,1608040,1074917,533124
1/1/2013,VI,Virgin Islands,78,17883,17739,145
1/1/2014,VI,Virgin Islands,78,18539,18362,178
1/1/2015,VI,Virgin Islands,78,19130,18920,210
1/1/2016,VI,Virgin Islands,78,19602,19373,229
1/1/2017,VI,Virgin Islands,78,19665,19389,276
1/1/2018,VI,Virgin Islands,78,19627,19277,350
1/1/2019,VI,Virgin Islands,78,19917,19477,440
1/1/2020,VI,Virgin Islands,78,20149,19635,514
1/1/2021,VI,Virgin Islands,78,20370,14753,5617
1/1/2022,VI,Virgin Islands,78,20473,14615,5858
1/1/2013,VT,Vermont,50,123888,114860,9028
1/1/2014,VT,Vermont,50,127865,118603,9261
1/1/2015,VT,Vermont,50,131299,121565,9734
1/1/2016,VT,Vermont,50,135288,124848,10441
1/1/2017,VT,Vermont,50,139235,126487,12748
1/1/2018,VT,Vermont,50,143533,128660,14873
1/1/2019,VT,Vermont,50,147222,129424,17797
1/1/2020,VT,Vermont,50,151303,129452,21851
1/1/2021,VT,Vermont,50,155077,124384,30694
1/1/2022,VT,Vermont,50,158431,115491,42940
1/1/2013,WA,Washington,53,1100992,785744,315248
1/1/2014,WA,Washington,53,1146013,807341,338672
1/1/2015,WA,Washington,53,1191377,834563,356814
1/1/2016,WA,Washington,53,1235086,864272,370814
1/1/2017,WA,Washington,53,1277421,884996,392425
1/1/2018,WA,Washington,53,1320498,895221,425277
1/1/2019,WA,Washington,53,1362048,898555,463493
1/1/2020,WA,Washington,53,1398937,888912,510026
1/1/2021,WA,Washington,53,1431948,865220,566729
1/1/2022,WA,Washington,53,1458823,840987,617836
1/1/2013,WI,Wisconsin,55,993953,659782,334171
1/1/2014,WI,Wisconsin,55,1022572,661367,361204
1/1/2015,WI,Wisconsin,55,1049934,653177,396757
1/1/2016,WI,Wisconsin,55,1079832,660728,419104
1/1/2017,WI,Wisconsin,55,1110269,667607,442662
1/1/2018,WI,Wisconsin,55,1142418,671014,471404
1/1/2019,WI,Wisconsin,55,1171957,661504,510453
1/1/2020,WI,Wisconsin,55,1200527,645403,555124
1/1/2021,WI,Wisconsin,55,1225485,622437,603048
1/1/2022,WI,Wisconsin,55,1253079,600089,652990
1/1/2013,WV,West Virginia,54,403904,310301,93603
1/1/2014,WV,West Virginia,54,410733,307044,103688
1/1/2015,WV,West Virginia,54,416136,309149,106987
1/1/2016,WV,West Virginia,54,421908,310597,111312
1/1/2017,WV,West Virginia,54,427858,304096,123761
1/1/2018,WV,West Virginia,54,433950,298536,135414
1/1/2019,WV,West Virginia,54,438643,289839,148804
1/1/2020,WV,West Virginia,54,442688,275122,167566
1/1/2021,WV,West Virginia,54,444287,254195,190092
1/1/2022,WV,West Virginia,54,444937,236885,208052
1/1/2013,WY,Wyoming,56,88760,85515,3244
1/1/2014,WY,Wyoming,56,91832,88606,3226
1/1/2015,WY,Wyoming,56,94879,91500,3379
1/1/2016,WY,Wyoming,56,98262,94816,3445
1/1/2017,WY,Wyoming,56,101935,97921,4014
1/1/2018,WY,Wyoming,56,106143,101843,4300
1/1/2019,WY,Wyoming,56,109989,105045,4944
1/1/2020,WY,Wyoming,56,113802,108216,5587
1/1/2021,WY,Wyoming,56,117393,110505,6888
1/1/2022,WY,Wyoming,56,120624,110351,10273
